{
	"base": "MYR",
	"date": "2017-09-15",
	"rates": {
		"Australia"	: "AUD",
		"Bulgaria"	: "BGN",
		"Brazil"	: "BRL",
		"Canada"	: "CAD",
		"Swiss"		: "CHF",
		"China"		: "CNY",
		"Chezh"		: "CZK",
		"Danish"	: "DKK",
		"Britain"	: "GBP",
		"Hong Kong"	: "HKD",
		"Crotia"	: "HRK",
		"Hungary"	: "HUF",
		"India"		: "IDR",
		"Israil"	: "ILS",
		"Indonesia"	: "INR",
		"Japan"		: "JPY",
		"South Korea"	: "KRW",
		"Mexico"	: "MXN",
		"Europe"	: "EUR",
		"Norway"	: "NOK",
		"New Zealand"	: "NZD",
		"Philippine"	: "PHP",
		"Polish"	: "PLN",
		"Romania"	: "RON",
		"Russia"	: "RUB",
		"Sweden"	: "SEK",
		"Singapore"	: "SGD",
		"Thailand"	: "THB",
		"Turkey"	: "TRY",
		"United State"	: "USD",
		"South African"	: "ZAR" 
	}
}