{
	"base": "MYR",
	"date": "2017-09-15",
	"rates": {
		"AUD": 0.29751,
		"BGN": 0.39023,
		"BRL": 0.74537,
		"CAD": 0.28971,
		"CHF": 0.22905,
		"CNY": 1.5623,
		"CZK": 5.2038,
		"DKK": 1.4846,
		"GBP": 0.17567,
		"HKD": 1.8657,
		"HRK": 1.4925,
		"HUF": 61.635,
		"IDR": 3164.3,
		"ILS": 0.8398,
		"INR": 15.296,
		"JPY": 26.521,
		"KRW": 269.96,
		"MXN": 4.2172,
		"NOK": 1.8625,
		"NZD": 0.32736,
		"PHP": 12.232,
		"PLN": 0.85319,
		"RON": 0.9178,
		"RUB": 13.732,
		"SEK": 1.8966,
		"SGD": 0.32064,
		"THB": 7.896,
		"TRY": 0.82085,
		"USD": 0.23869,
		"ZAR": 3.1447,
		"EUR": 0.19953
	}
}